{"cameraMode":{"drawMode":0,"name":"Shaded","section":"Shading Mode"},"sceneLighting":true,"audioPlay":false,"sceneViewState":{"showFog":false,"showMaterialUpdate":false,"showSkybox":false,"showFlares":false,"showImageEffects":false,"showParticleSystems":false},"in2DMode":false,"pivot":{"x":1.8749771118164063,"y":4.668201446533203,"z":-2.960702896118164},"rotation":{"x":0.3865942060947418,"y":0.1088952049612999,"z":-0.04602701589465141,"w":0.9146413207054138},"size":42.57622146606445,"orthographic":false}