{"cameraMode":{"drawMode":0,"name":"Shaded","section":"Shading Mode"},"sceneLighting":true,"audioPlay":false,"sceneViewState":{"showFog":false,"showMaterialUpdate":false,"showSkybox":false,"showFlares":false,"showImageEffects":false,"showParticleSystems":false},"in2DMode":false,"pivot":{"x":-1.6613056659698487,"y":0.15966719388961793,"z":-5.863592147827148},"rotation":{"x":-0.1159854531288147,"y":0.20465649664402009,"z":-0.024430979043245317,"w":-0.9716324806213379},"size":17.42121696472168,"orthographic":false}