{"cameraMode":{"drawMode":0,"name":"Shaded","section":"Shading Mode"},"sceneLighting":true,"audioPlay":false,"sceneViewState":{"showFog":false,"showMaterialUpdate":false,"showSkybox":false,"showFlares":false,"showImageEffects":false,"showParticleSystems":false},"in2DMode":false,"pivot":{"x":-28.556522369384767,"y":-7.811689853668213,"z":4.362267017364502},"rotation":{"x":-0.5252935290336609,"y":0.11862137913703919,"z":-0.07423480600118637,"w":-0.8393515944480896},"size":187.431396484375,"orthographic":false}