{"cameraMode":{"drawMode":0,"name":"Shaded","section":"Shading Mode"},"sceneLighting":true,"audioPlay":false,"sceneViewState":{"showFog":false,"showMaterialUpdate":false,"showSkybox":false,"showFlares":false,"showImageEffects":false,"showParticleSystems":false},"in2DMode":false,"pivot":{"x":26.624248504638673,"y":-8.62899112701416,"z":39.951107025146487},"rotation":{"x":0.09945055842399597,"y":-0.1854461431503296,"z":0.018868638202548028,"w":0.9774292707443237},"size":222.21983337402345,"orthographic":false}